-- Drop old tables
SET FOREIGN_KEY_CHECKS = 0;
DROP TABLE IF EXISTS `Enrollment`;
DROP TABLE IF EXISTS `Course`;
DROP TABLE IF EXISTS `Teacher`;
DROP TABLE IF EXISTS `Student`;
SET FOREIGN_KEY_CHECKS = 1;

-- Skapa Student-tabellen med auto-inkrement på Id
CREATE TABLE Student (
    Id INT AUTO_INCREMENT PRIMARY KEY,   -- Auto-inkrementerande Id
    Name VARCHAR(100),                   -- Studentens namn
    Email VARCHAR(100),                  -- Studentens e-post
    DateOfBirth DATE                     -- Studentens födelsedatum
);

-- Skapa Teacher-tabellen med auto-inkrement på Id
CREATE TABLE Teacher (
    Id INT AUTO_INCREMENT PRIMARY KEY,   -- Auto-inkrementerande Id
    Name VARCHAR(100),                   -- Lärarens namn
    Email VARCHAR(100)                   -- Lärarens e-post
);

-- Skapa Course-tabellen med auto-inkrement på Id
CREATE TABLE Course (
    Id INT AUTO_INCREMENT PRIMARY KEY,   -- Auto-inkrementerande Id
    Name VARCHAR(100),                   -- Namnet på kursen
    Credits INT,                         -- Antal poäng för kursen
    TeacherId INT                        -- Lärarens Id som håller kursen
);

-- Skapa Enrollment-tabellen (mellanliggande tabell för många-till-många)
CREATE TABLE Enrollment (
    Id INT AUTO_INCREMENT PRIMARY KEY,   -- Auto-inkrementerande Id
    StudentId INT,                       -- Studentens Id
    CourseId INT,                        -- Kursens Id
    EnrollmentDate DATE,                 -- Datum för registreringen
    Grade INT                            -- Betyg för kursen (0 - IG, 1 - G, 2 - VG)
);
-- Insert Teacher
INSERT INTO Teacher (Id, Name, Email) VALUES
(1, 'Gustav', 'gustav@by.com'),
(2, 'Krister', 'krister@by.com'),
(3, 'David', 'david@by.com'),
(4, 'Lars', 'lars@by.com'),
(5, 'Henrik', 'henrik@by.com'),
(6, 'Jimmy', 'jimmy@by.com');

-- Insert Course
INSERT INTO Course (Id, Name, Credits, TeacherId) VALUES
(1, 'Databaser', 7.5, 2),
(2, 'OOP1', 15, 1),
(3, 'OOP2', 7.5, 1),
(4, 'Träslöjd', 7.5, 6),
(5, 'Apputveckling', 10, 3),
(6, 'Gymnastik', 7.5, 6),
(7, 'Matematik', 7.5, 6),
(8, 'Webbdesign', 10, 3),
(9, 'AI-utveckling', 10, NULL);

-- Insert initial Student
INSERT INTO Student (Name, Email, DateOfBirth) VALUES
('Anna Andersson', 'anna@student.by.com', '1990-05-12'),
('Björn Berg', 'bjorn@student.by.com', '1985-11-23'),
('Carla Carlsson', 'carla@student.by.com', '1992-03-15'),
('David Dahl', 'david@student.by.com', '1979-07-08'),
('Olle Persson', 'olle.persson@student.by.com', '1976-02-14'),
('Stella Jakobsson', 'stella.jakobsson@student.by.com', '1985-12-26'),
('Erik Svensson', 'erik.svensson@student.by.com', '1979-08-07'),
('Sara Santos', 'sara.santos@student.by.com', '1999-06-19'),
('Axel Ali', 'axel.ali@student.by.com', '1993-12-04'),
('Anton Andersson', 'anton.andersson@student.by.com', '1979-03-16'),
('Emil Bengtsson', 'emil.bengtsson@student.by.com', '1997-09-01'),
('Nils Andersson', 'nils.andersson@student.by.com', '2000-03-05'),
('Elin Kowalski', 'elin.kowalski@student.by.com', '2004-02-25'),
('Selma Lundqvist', 'selma.lundqvist@student.by.com', '1993-10-26'),
('Erik Mattsson', 'erik.mattsson@student.by.com', '2001-06-07'),
('Greta Garcia', 'greta.garcia@student.by.com', '1975-04-17'),
('Theo Garcia', 'theo.garcia@student.by.com', '1982-02-28'),
('Selma Lundgren', 'selma.lundgren@student.by.com', '1990-04-06'),
('Greta Gustafsson', 'greta.gustafsson@student.by.com', '1984-08-28'),
('Theo Lindgren', 'theo.lindgren@student.by.com', '1979-08-02'),
('Axel Lindqvist', 'axel.lindqvist@student.by.com', '1979-05-04'),
('Jacob Axelsson', 'jacob.axelsson@student.by.com', '2002-01-30'),
('Frida Garcia', 'frida.garcia@student.by.com', '1976-12-12'),
('Sofia Berglund', 'sofia.berglund@student.by.com', '1999-01-20'),
('Calle Lindqvist', 'calle.lindqvist@student.by.com', '1978-07-15'),
('Mila Magnusson', 'mila.magnusson@student.by.com', '2003-03-14'),
('Noah Berg', 'noah.berg@student.by.com', '2000-11-24'),
('Elin Kowalski', 'elin.kowalski1@student.by.com', '1978-02-13'),
('Anton Khan', 'anton.khan@student.by.com', '1985-03-22'),
('Vera Magnusson', 'vera.magnusson@student.by.com', '1978-07-31'),
('Erik Olsson', 'erik.olsson@student.by.com', '1992-01-19'),
('Greta Berglund', 'greta.berglund@student.by.com', '2003-07-08'),
('Johan Pettersson', 'johan.pettersson@student.by.com', '1991-08-10'),
('Jacob Hansson', 'jacob.hansson@student.by.com', '2005-01-23'),
('Greta Ivanov', 'greta.ivanov@student.by.com', '2005-08-30'),
('Oscar Eriksson', 'oscar.eriksson@student.by.com', '2002-04-29'),
('Olle Pettersson', 'olle.pettersson@student.by.com', '1998-12-17'),
('Sofia Jönsson', 'sofia.jonsson@student.by.com', '1982-05-01'),
('Lovis Lindqvist', 'lovis.lindqvist@student.by.com', '1987-02-09'),
('Olle Ivanov', 'olle.ivanov@student.by.com', '1999-12-26'),
('Erik Petrov', 'erik.petrov@student.by.com', '1989-07-19'),
('Vera Silva', 'vera.silva@student.by.com', '1977-07-05'),
('Erik Karlsson', 'erik.karlsson@student.by.com', '1989-02-24'),
('Karin Jakobsson', 'karin.jakobsson@student.by.com', '1977-12-20'),
('Emil Wallin', 'emil.wallin@student.by.com', '1989-02-11'),
('Emil Ahmed', 'emil.ahmed@student.by.com', '1997-05-24'),
('Karin Ahmed', 'karin.ahmed@student.by.com', '1995-08-01'),
('Ebbe Lindberg', 'ebbe.lindberg@student.by.com', '1981-04-06'),
('Filip Santos', 'filip.santos@student.by.com', '2000-03-07'),
('Mikael Lindberg', 'mikael.lindberg@student.by.com', '2001-03-22'),
('Lina Ali', 'lina.ali@student.by.com', '1992-11-30'),
('Johan Bengtsson', 'johan.bengtsson@student.by.com', '1981-03-16'),
('Malte Sandberg', 'malte.sandberg@student.by.com', '1979-01-29'),
('Theo Nilsson', 'theo.nilsson@student.by.com', '1979-12-02'),
('Ebbe Singh', 'ebbe.singh@student.by.com', '1982-03-06'),
('Vidar Petrov', 'vidar.petrov@student.by.com', '1993-12-08'),
('Nils Eriksson', 'nils.eriksson@student.by.com', '1992-04-05'),
('Julia Nguyen', 'julia.nguyen@student.by.com', '1995-12-30'),
('Mika Lindberg', 'mika.lindberg@student.by.com', '1999-10-26'),
('Adam Petrov', 'adam.petrov@student.by.com', '1980-02-20'),
('Sara Lundqvist', 'sara.lundqvist@student.by.com', '1986-12-20'),
('Vera Ahmed', 'vera.ahmed@student.by.com', '1990-04-05'),
('Calle Magnusson', 'calle.magnusson@student.by.com', '1994-07-03'),
('Elias Berglund', 'elias.berglund@student.by.com', '1975-02-23'),
('Sofia Nowak', 'sofia.nowak@student.by.com', '1986-10-25'),
('Malte Costa', 'malte.costa@student.by.com', '1983-01-06'),
('Malte Olsson', 'malte.olsson@student.by.com', '2003-01-18'),
('Hugo Singh', 'hugo.singh@student.by.com', '1997-10-09'),
('Nils Jansson', 'nils.jansson@student.by.com', '1981-11-09'),
('Johan Costa', 'johan.costa@student.by.com', '1982-03-31'),
('Mikael Silva', 'mikael.silva@student.by.com', '1998-10-16'),
('Adam Nguyen', 'adam.nguyen@student.by.com', '1989-07-16'),
('Maja Andersson', 'maja.andersson@student.by.com', '1980-01-07'),
('Johan Garcia', 'johan.garcia@student.by.com', '1988-10-17'),
('Filip Nilsson', 'filip.nilsson@student.by.com', '1985-10-21'),
('Milo Larsson', 'milo.larsson@student.by.com', '1978-11-04'),
('Sofia Sandberg', 'sofia.sandberg@student.by.com', '1978-02-07'),
('Theo Lundqvist', 'theo.lundqvist@student.by.com', '1980-08-22'),
('Cornelia Khan', 'cornelia.khan@student.by.com', '1996-04-27'),
('Mila Pettersson', 'mila.pettersson@student.by.com', '1986-11-21'),
('Mika Nguyen', 'mika.nguyen@student.by.com', '1993-12-24'),
('Emil Lundqvist', 'emil.lundqvist@student.by.com', '2005-12-11'),
('Elin Kowalski', 'elin.kowalski2@student.by.com', '1988-12-25'),
('Karin Khan', 'karin.khan@student.by.com', '2004-02-25'),
('Johan Mattsson', 'johan.mattsson@student.by.com', '1998-03-20'),
('Linus Persson', 'linus.persson@student.by.com', '1986-02-13'),
('Erik Eriksson', 'erik.eriksson@student.by.com', '1990-03-02'),
('Alva Ali', 'alva.ali@student.by.com', '1999-11-06'),
('Erik Ali', 'erik.ali@student.by.com', '1984-11-17'),
('Adam Eriksson', 'adam.eriksson@student.by.com', '2006-10-02'),
('Olle Nilsson', 'olle.nilsson@student.by.com', '1985-04-08'),
('Astrid Karlsson', 'astrid.karlsson@student.by.com', '1989-10-27'),
('Astrid Henriksson', 'astrid.henriksson@student.by.com', '1985-09-04'),
('Greta Khan', 'greta.khan@student.by.com', '1996-10-10'),
('Emil Lundqvist', 'emil.lundqvist1@student.by.com', '1980-12-07'),
('Sofia Wallin', 'sofia.wallin@student.by.com', '2000-11-05'),
('Lukas Jönsson', 'lukas.jonsson@student.by.com', '1996-03-20'),
('Viktor Lundberg', 'viktor.lundberg@student.by.com', '1983-07-17'),
('Bea Olsson', 'bea.olsson@student.by.com', '2004-07-23'),
('Lina Axelsson', 'lina.axelsson@student.by.com', '1993-12-31'),
('Karl Berglund', 'karl.berglund@student.by.com', '1977-06-06'),
('Sara Ahmed', 'sara.ahmed@student.by.com', '2003-12-27'),
('Bea Nilsson', 'bea.nilsson@student.by.com', '1993-01-22'),
('Sofia Lindgren', 'sofia.lindgren@student.by.com', '1979-11-26'),
('Filip Jansson', 'filip.jansson@student.by.com', '1983-07-14'),
('Mikael Mattsson', 'mikael.mattsson@student.by.com', '1981-04-15'),
('Lina Jonsson', 'lina.jonsson@student.by.com', '1987-06-30'),
('Lovis Jönsson', 'lovis.jonsson@student.by.com', '1978-05-20'),
('Linus Garcia', 'linus.garcia@student.by.com', '1999-09-08'),
('Bea Nilsson', 'bea.nilsson1@student.by.com', '2004-04-02'),
('Mikael Johansson', 'mikael.johansson@student.by.com', '1979-03-09'),
('Theo Jönsson', 'theo.jonsson@student.by.com', '1982-06-17'),
('Karl Sandberg', 'karl.sandberg@student.by.com', '1996-08-04'),
('Emil Bergström', 'emil.bergstrom@student.by.com', '1977-08-18'),
('Elias Lindqvist', 'elias.lindqvist@student.by.com', '1975-02-05'),
('Julia Lindberg', 'julia.lindberg@student.by.com', '1995-05-30'),
('Hanna Lundgren', 'hanna.lundgren@student.by.com', '2006-03-31'),
('Sofia Martinez', 'sofia.martinez@student.by.com', '1999-12-06'),
('Saga Kowalski', 'saga.kowalski@student.by.com', '1996-10-30'),
('Ebbe Jansson', 'ebbe.jansson@student.by.com', '1988-04-23'),
('Emil Nilsson', 'emil.nilsson@student.by.com', '2000-12-24'),
('Stella Lundqvist', 'stella.lundqvist@student.by.com', '1977-09-25'),
('Stella Olofsson', 'stella.olofsson@student.by.com', '1977-07-25'),
('Arvid Ali', 'arvid.ali@student.by.com', '1996-05-21'),
('Malte Forsberg', 'malte.forsberg@student.by.com', '1982-01-23'),
('Arvid Henriksson', 'arvid.henriksson@student.by.com', '1978-08-05'),
('Ella Eriksson', 'ella.eriksson@student.by.com', '2001-09-10'),
('Astrid Petrov', 'astrid.petrov@student.by.com', '1985-07-20'),
('Karin Persson', 'karin.persson@student.by.com', '2000-07-21'),
('Filip Ali', 'filip.ali@student.by.com', '2001-09-01'),
('Anton Tran', 'anton.tran@student.by.com', '1978-09-05'),
('Karl Khan', 'karl.khan@student.by.com', '2001-03-07'),
('Milo Forsberg', 'milo.forsberg@student.by.com', '1989-03-11'),
('Frida Hansson', 'frida.hansson@student.by.com', '2005-01-15'),
('Simon Olofsson', 'simon.olofsson@student.by.com', '1985-09-15'),
('Frida Bergström', 'frida.bergstrom@student.by.com', '1980-11-14'),
('Saga Ahmed', 'saga.ahmed@student.by.com', '1988-06-16'),
('Lovis Olofsson', 'lovis.olofsson@student.by.com', '1978-04-03'),
('Adam Berglund', 'adam.berglund@student.by.com', '2002-11-12'),
('Milo Olsson', 'milo.olsson@student.by.com', '1978-04-15'),
('Mikael Hansson', 'mikael.hansson@student.by.com', '1997-09-10'),
('Frida Svensson', 'frida.svensson@student.by.com', '1990-08-28'),
('Astrid Jönsson', 'astrid.jonsson@student.by.com', '1991-07-30'),
('Hanna Pettersson', 'hanna.pettersson@student.by.com', '1994-08-28'),
('Mikael Kowalski', 'mikael.kowalski@student.by.com', '1988-07-27'),
('Noah Garcia', 'noah.garcia@student.by.com', '2004-05-02'),
('Mika Johansson', 'mika.johansson@student.by.com', '2004-12-16'),
('Wilma Sjöberg', 'wilma.sjoberg@student.by.com', '1988-06-06'),
('Saga Olsson', 'saga.olsson@student.by.com', '1981-01-09'),
('Frida Persson', 'frida.persson@student.by.com', '1979-10-20'),
('Stella Sjöberg', 'stella.sjoberg@student.by.com', '1981-12-21'),
('Greta Magnusson', 'greta.magnusson@student.by.com', '2002-02-17'),
('Emil Kowalski', 'emil.kowalski@student.by.com', '1990-05-19'),
('Emil Petrov', 'emil.petrov@student.by.com', '2003-06-14'),
('Frida Henriksson', 'frida.henriksson@student.by.com', '1996-11-30'),
('Frida Nilsson', 'frida.nilsson@student.by.com', '1979-02-21'),
('Olle Lundgren', 'olle.lundgren@student.by.com', '1987-05-31'),
('Anton Johansson', 'anton.johansson@student.by.com', '1989-12-17'),
('Vera Svensson', 'vera.svensson@student.by.com', '2003-07-31'),
('Frida Pettersson', 'frida.pettersson@student.by.com', '1994-10-27'),
('Mila Kowalski', 'mila.kowalski@student.by.com', '1994-03-09'),
('Mila Johansson', 'mila.johansson@student.by.com', '1980-01-07'),
('Astrid Ivanov', 'astrid.ivanov@student.by.com', '1981-09-08'),
('Mikael Karlsson', 'mikael.karlsson@student.by.com', '1991-07-25'),
('Moa Sjöberg', 'moa.sjoberg@student.by.com', '1981-08-23'),
('Lina Svensson', 'lina.svensson@student.by.com', '1976-11-16'),
('Hugo Berg', 'hugo.berg@student.by.com', '1976-10-15'),
('Jacob Hansson', 'jacob.hansson1@student.by.com', '2005-08-05'),
('Filip Khan', 'filip.khan@student.by.com', '1979-08-12'),
('Jacob Silva', 'jacob.silva@student.by.com', '2000-02-12'),
('Karl Tran', 'karl.tran@student.by.com', '1981-12-07'),
('Filip Pettersson', 'filip.pettersson@student.by.com', '1982-12-10'),
('Karl Andersson', 'karl.andersson@student.by.com', '1983-01-17'),
('Stella Lindgren', 'stella.lindgren@student.by.com', '1993-06-20'),
('Viktor Khan', 'viktor.khan@student.by.com', '1986-02-17'),
('Greta Pettersson', 'greta.pettersson@student.by.com', '2006-06-16'),
('Bea Lindqvist', 'bea.lindqvist@student.by.com', '1976-09-26'),
('Lukas Bengtsson', 'lukas.bengtsson@student.by.com', '1983-12-14'),
('Wilma Berglund', 'wilma.berglund@student.by.com', '1990-09-07'),
('Hugo Martinez', 'hugo.martinez@student.by.com', '1985-03-17'),
('Erik Andersson', 'erik.andersson@student.by.com', '2004-08-09'),
('Elin Bergström', 'elin.bergstrom@student.by.com', '1989-09-22'),
('Greta Eriksson', 'greta.eriksson@student.by.com', '1987-07-10'),
('Jacob Ahmed', 'jacob.ahmed@student.by.com', '1997-11-07'),
('Karin Petrov', 'karin.petrov@student.by.com', '1999-01-20'),
('Isak Andersson', 'isak.andersson@student.by.com', '1980-03-04'),
('Frida Jonsson', 'frida.jonsson@student.by.com', '2001-01-16'),
('Frida Karlsson', 'frida.karlsson@student.by.com', '1979-11-12'),
('Nils Lundgren', 'nils.lundgren@student.by.com', '1990-07-04'),
('Sofia Martinez', 'sofia.martinez1@student.by.com', '1989-01-26'),
('Lina Nguyen', 'lina.nguyen@student.by.com', '1997-12-10'),
('Calle Lindqvist', 'calle.lindqvist1@student.by.com', '2000-11-11'),
('Elin Lindberg', 'elin.lindberg@student.by.com', '1976-12-28'),
('Simon Lundgren', 'simon.lundgren@student.by.com', '1975-01-28'),
('Mika Garcia', 'mika.garcia@student.by.com', '1999-02-25'),
('Sara Nowak', 'sara.nowak@student.by.com', '2005-01-30'),
('Elin Berg', 'elin.berg@student.by.com', '1994-05-07'),
('Astrid Khan', 'astrid.khan@student.by.com', '1989-10-23'),
('Noah Olofsson', 'noah.olofsson@student.by.com', '2004-10-03'),
('Calle Nowak', 'calle.nowak@student.by.com', '1988-06-21'),
('Malte Lindström', 'malte.lindstrom@student.by.com', '2004-11-30'),
('Karl Olofsson', 'karl.olofsson@student.by.com', '1993-01-18'),
('Selma Magnusson', 'selma.magnusson@student.by.com', '1999-11-14'),
('Cornelia Jansson', 'cornelia.jansson@student.by.com', '1993-11-10');

-- Insert initial Enrollment
INSERT INTO Enrollment (StudentId, CourseId, EnrollmentDate, Grade) VALUES
(1, 1, '2023-09-01', 2),
(1, 2, '2023-09-01', 2),
(2, 1, '2023-09-01', 0),
(3, 8, '2023-09-01', 1),
(4, 5, '2023-09-01', 1),
(5, 9, '2024-05-21', 2),
(5, 2, '2024-01-17', 1),
(5, 3, '2024-03-22', 1),
(5, 8, '2024-01-26', 1),
(6, 9, '2023-11-09', 1),
(6, 2, '2024-01-07', 1),
(6, 5, '2024-02-02', 0),
(6, 3, '2023-12-13', 1),
(7, 2, '2023-08-27', 0),
(7, 9, '2024-04-14', 1),
(8, 5, '2024-03-14', 2),
(9, 9, '2024-04-24', 1),
(9, 5, '2023-10-29', 1),
(10, 1, '2024-03-19', 1),
(11, 1, '2024-04-04', 1),
(11, 8, '2024-04-08', 1),
(11, 2, '2024-05-27', 1),
(11, 9, '2024-03-28', 1),
(12, 8, '2024-04-14', 1),
(12, 5, '2023-12-19', 2),
(12, 2, '2024-01-03', 1),
(12, 3, '2024-05-07', 1),
(13, 3, '2023-09-23', 1),
(13, 5, '2023-12-13', 1),
(14, 8, '2023-10-31', 1),
(14, 1, '2023-11-01', 1),
(14, 2, '2023-09-16', 1),
(15, 8, '2023-09-15', 1),
(15, 5, '2024-03-17', 1),
(15, 9, '2024-06-09', 2),
(16, 8, '2024-02-25', 1),
(17, 3, '2024-05-16', 1),
(17, 5, '2024-05-20', 1),
(17, 8, '2023-12-05', 1),
(18, 5, '2024-03-01', 1),
(18, 9, '2024-03-09', 1),
(18, 1, '2024-04-10', 2),
(19, 5, '2024-06-13', 1),
(20, 1, '2024-03-21', 1),
(21, 2, '2024-01-29', 1),
(21, 1, '2024-01-29', 1),
(21, 3, '2024-02-25', 1),
(21, 9, '2024-03-17', 1),
(22, 5, '2023-08-24', 1),
(23, 3, '2023-12-07', 1),
(24, 1, '2023-12-19', 1),
(25, 8, '2023-11-01', 1),
(26, 9, '2023-12-24', 1),
(26, 1, '2023-11-08', 1),
(26, 2, '2023-10-12', 1),
(26, 5, '2023-11-06', 2),
(27, 8, '2023-08-28', 2),
(28, 5, '2023-12-17', 1),
(28, 2, '2024-01-16', 2),
(28, 1, '2023-10-15', 1),
(28, 3, '2024-05-30', 1),
(29, 8, '2023-09-19', 1),
(29, 5, '2024-02-05', 0),
(29, 3, '2024-03-17', 2),
(30, 5, '2024-02-16', 1),
(31, 9, '2024-05-08', 2),
(31, 2, '2023-12-31', 1),
(31, 5, '2024-05-16', 1),
(31, 1, '2024-04-09', 1),
(32, 3, '2024-01-04', 2),
(32, 2, '2023-12-17', 1),
(32, 1, '2024-06-01', 1),
(33, 3, '2023-11-16', 1),
(33, 1, '2024-02-12', 1),
(33, 5, '2024-02-05', 1),
(33, 2, '2024-06-15', 1),
(34, 8, '2023-09-27', 1),
(34, 1, '2024-03-10', 1),
(34, 2, '2023-12-16', 1),
(35, 5, '2023-12-06', 1),
(35, 1, '2023-12-17', 1),
(35, 8, '2024-06-07', 1),
(35, 2, '2024-05-24', 1),
(36, 9, '2024-04-03', 1),
(36, 8, '2023-12-21', 1),
(36, 3, '2023-11-21', 1),
(36, 2, '2024-05-15', 2),
(37, 2, '2024-04-18', 1),
(37, 9, '2024-06-11', 2),
(38, 1, '2023-12-09', 1),
(38, 2, '2024-01-16', 0),
(38, 3, '2024-05-14', 1),
(39, 1, '2024-05-24', 1),
(40, 9, '2023-10-06', 2),
(40, 5, '2024-06-03', 1),
(41, 5, '2023-12-22', 2),
(41, 3, '2024-04-15', 1),
(41, 2, '2023-09-17', 1),
(41, 1, '2023-09-21', 1),
(42, 2, '2023-10-30', 2),
(43, 1, '2024-05-26', 1),
(43, 2, '2024-06-15', 1),
(43, 9, '2023-12-08', 1),
(44, 5, '2024-03-21', 1),
(44, 9, '2023-09-14', 1),
(44, 3, '2023-10-04', 2),
(44, 8, '2023-11-29', 1),
(45, 9, '2023-12-15', 1),
(45, 1, '2023-09-22', 1),
(45, 2, '2024-03-11', 1),
(46, 3, '2024-01-06', 1),
(46, 1, '2024-04-03', 0),
(46, 2, '2023-12-12', 2),
(46, 5, '2024-06-11', 1),
(47, 5, '2024-05-19', 1),
(47, 1, '2023-10-30', 2),
(48, 1, '2023-11-07', 1),
(48, 9, '2024-06-14', 1),
(49, 5, '2024-01-17', 1),
(49, 1, '2024-01-01', 1),
(49, 9, '2024-04-23', 1),
(50, 5, '2024-01-27', 1),
(51, 1, '2023-12-10', 2),
(52, 9, '2023-12-30', 1),
(53, 5, '2024-03-28', 2),
(53, 8, '2023-11-15', 2),
(54, 9, '2024-02-09', 1),
(54, 5, '2024-01-26', 1),
(54, 1, '2023-11-05', 1),
(54, 2, '2024-04-24', 1),
(55, 8, '2024-01-23', 1),
(55, 1, '2023-10-13', 2),
(55, 5, '2024-03-08', 2),
(55, 9, '2023-08-15', 1),
(56, 5, '2024-02-16', 1),
(56, 1, '2024-04-26', 1),
(56, 2, '2023-09-10', 1),
(56, 3, '2024-05-22', 1),
(57, 5, '2023-08-29', 2),
(57, 9, '2023-12-15', 1),
(57, 1, '2024-01-21', 1),
(58, 1, '2023-10-14', 1),
(58, 2, '2023-11-01', 1),
(58, 9, '2024-01-11', 1),
(58, 8, '2024-01-01', 1),
(59, 5, '2023-10-28', 1),
(59, 2, '2024-05-01', 1),
(59, 9, '2023-10-23', 2),
(59, 3, '2024-01-03', 1),
(60, 3, '2024-01-06', 1),
(60, 8, '2024-06-10', 1),
(60, 9, '2024-04-21', 2),
(60, 1, '2024-03-30', 1),
(61, 3, '2024-04-04', 2),
(61, 8, '2023-11-19', 2),
(61, 5, '2023-12-15', 1),
(62, 5, '2024-01-24', 1),
(62, 1, '2024-02-26', 1),
(63, 5, '2023-10-18', 1),
(63, 1, '2024-06-12', 1),
(64, 5, '2023-10-05', 1),
(65, 1, '2023-11-02', 0),
(65, 2, '2023-12-28', 1),
(65, 5, '2024-03-05', 1),
(65, 3, '2024-01-30', 2),
(66, 3, '2023-09-19', 1),
(66, 5, '2024-01-09', 2),
(66, 1, '2023-09-30', 1),
(66, 9, '2023-10-04', 1),
(67, 5, '2023-11-08', 1),
(68, 1, '2024-01-28', 1),
(69, 3, '2023-10-28', 1),
(69, 9, '2024-03-12', 1),
(69, 5, '2023-11-15', 1),
(70, 8, '2024-02-26', 1),
(71, 5, '2023-10-27', 1),
(71, 8, '2023-12-23', 1),
(72, 5, '2024-01-09', 1),
(73, 1, '2024-02-07', 2),
(73, 5, '2024-01-15', 1),
(74, 9, '2023-11-24', 2),
(74, 3, '2024-04-18', 1),
(74, 5, '2024-02-26', 1),
(74, 2, '2024-06-04', 1),
(75, 1, '2023-08-19', 1),
(75, 5, '2023-09-09', 2),
(75, 3, '2024-04-25', 2),
(76, 2, '2023-12-05', 1),
(76, 8, '2023-12-21', 1),
(76, 3, '2023-10-24', 1),
(77, 3, '2024-03-27', 0),
(78, 9, '2024-01-13', 1),
(78, 2, '2024-03-14', 1),
(78, 1, '2023-10-21', 1),
(79, 8, '2023-11-07', 1),
(79, 9, '2024-04-17', 2),
(79, 3, '2024-01-13', 1),
(80, 1, '2023-10-26', 1),
(80, 5, '2023-12-08', 2),
(80, 9, '2024-03-05', 2),
(81, 1, '2023-12-28', 1),
(81, 5, '2024-04-03', 1),
(81, 9, '2023-12-27', 1),
(82, 1, '2023-08-27', 1),
(82, 2, '2024-05-28', 1),
(82, 5, '2023-12-06', 1),
(83, 9, '2023-10-25', 0),
(83, 3, '2023-09-03', 1),
(83, 5, '2024-04-23', 1),
(83, 1, '2023-12-13', 2),
(84, 5, '2024-02-20', 1),
(84, 9, '2024-05-17', 1),
(85, 5, '2024-04-21', 1),
(85, 1, '2024-01-05', 0),
(86, 2, '2023-12-13', 2),
(86, 5, '2023-10-04', 2),
(86, 8, '2024-02-19', 1),
(87, 1, '2023-11-20', 2),
(87, 5, '2024-04-03', 0),
(87, 3, '2023-12-01', 1),
(88, 1, '2024-02-01', 1),
(89, 8, '2023-09-19', 2),
(89, 2, '2024-05-24', 1),
(90, 2, '2023-10-29', 1),
(90, 3, '2024-06-15', 0),
(91, 2, '2023-12-21', 1),
(91, 8, '2023-10-10', 1),
(92, 2, '2023-08-22', 1),
(93, 8, '2023-08-23', 1),
(93, 3, '2023-09-10', 1),
(94, 8, '2024-03-31', 1),
(94, 1, '2024-05-03', 1),
(94, 9, '2024-04-02', 1),
(94, 2, '2023-09-06', 1),
(95, 5, '2024-04-16', 2),
(95, 1, '2024-03-20', 1),
(95, 8, '2024-04-22', 1),
(96, 1, '2023-10-29', 0),
(96, 9, '2024-01-02', 1),
(96, 3, '2024-06-09', 1),
(96, 5, '2024-01-28', 1),
(97, 5, '2023-10-04', 1),
(97, 8, '2023-10-12', 2),
(97, 9, '2024-05-23', 1),
(98, 5, '2023-12-09', 1),
(98, 9, '2024-04-03', 1),
(99, 3, '2024-03-20', 1),
(100, 3, '2023-09-18', 0),
(100, 2, '2023-09-27', 0),
(100, 5, '2023-10-03', 1),
(101, 2, '2024-06-10', 2),
(101, 8, '2024-05-28', 1),
(101, 1, '2023-10-16', 1),
(102, 9, '2024-01-21', 1),
(102, 1, '2024-06-05', 1),
(102, 3, '2023-11-02', 1),
(102, 5, '2023-12-07', 2),
(103, 8, '2024-01-04', 1),
(103, 3, '2024-03-21', 2),
(103, 1, '2024-05-26', 0),
(104, 1, '2024-01-20', 2),
(104, 2, '2024-02-10', 0),
(104, 3, '2023-10-27', 1),
(105, 1, '2024-05-12', 1),
(105, 2, '2024-03-16', 1),
(105, 9, '2023-11-03', 1),
(105, 5, '2024-01-28', 1),
(106, 1, '2023-11-02', 1),
(107, 9, '2023-09-25', 1),
(108, 5, '2024-01-01', 1),
(108, 8, '2024-05-03', 1),
(108, 9, '2024-03-22', 1),
(108, 2, '2024-06-13', 1),
(109, 1, '2023-09-12', 0),
(109, 2, '2024-01-16', 2),
(109, 5, '2023-10-24', 1),
(110, 3, '2024-04-25', 1),
(110, 1, '2023-11-12', 1),
(110, 8, '2024-05-13', 1),
(111, 1, '2024-03-25', 0),
(111, 5, '2023-09-23', 2),
(111, 9, '2024-06-04', 1),
(112, 9, '2024-03-09', 0),
(112, 5, '2024-01-28', 1),
(112, 3, '2024-04-06', 2),
(112, 1, '2024-02-16', 0),
(113, 2, '2024-03-25', 1),
(114, 5, '2024-01-20', 1),
(115, 3, '2023-09-23', 1),
(115, 2, '2023-10-12', 1),
(116, 3, '2023-10-29', 1),
(116, 9, '2023-10-28', 1),
(117, 8, '2023-09-22', 1),
(117, 2, '2024-04-23', 1),
(118, 9, '2024-01-23', 1),
(118, 8, '2023-09-18', 1),
(118, 3, '2024-01-17', 1),
(118, 5, '2024-06-12', 0),
(119, 3, '2024-04-07', 1),
(120, 3, '2024-01-08', 0),
(121, 8, '2024-06-14', 1),
(122, 8, '2024-06-02', 1),
(122, 9, '2024-01-26', 1),
(122, 1, '2024-04-27', 1),
(122, 2, '2023-09-15', 1),
(123, 9, '2023-09-04', 1),
(123, 1, '2024-03-26', 2),
(123, 2, '2024-05-09', 1),
(124, 3, '2024-01-06', 1),
(124, 9, '2024-02-04', 1),
(125, 9, '2024-02-02', 0),
(126, 8, '2024-02-28', 1),
(127, 3, '2024-06-08', 1),
(127, 1, '2024-02-10', 1),
(128, 2, '2024-05-27', 1),
(128, 8, '2024-01-30', 2),
(128, 1, '2024-05-10', 0),
(128, 9, '2024-03-18', 1),
(129, 3, '2024-01-20', 1),
(130, 3, '2023-11-21', 1),
(130, 5, '2023-10-24', 1),
(131, 1, '2024-02-03', 2),
(131, 8, '2023-10-21', 1),
(131, 9, '2023-11-01', 1),
(132, 9, '2023-09-06', 1),
(132, 5, '2023-12-14', 2),
(133, 9, '2024-05-14', 1),
(133, 5, '2024-04-11', 2),
(133, 2, '2023-11-22', 1),
(134, 5, '2024-05-11', 1),
(134, 3, '2023-11-05', 2),
(134, 9, '2023-10-24', 2),
(134, 8, '2023-09-10', 1),
(135, 8, '2024-01-07', 0),
(135, 1, '2023-11-05', 1),
(135, 9, '2024-05-03', 1),
(136, 1, '2023-08-28', 1),
(136, 2, '2024-03-04', 1),
(136, 5, '2023-12-13', 1),
(136, 8, '2023-09-25', 1),
(137, 3, '2023-10-04', 2),
(138, 2, '2024-01-08', 2),
(138, 9, '2024-04-12', 1),
(138, 1, '2023-10-25', 1),
(139, 5, '2023-08-24', 1),
(139, 8, '2023-10-30', 1),
(139, 1, '2024-05-11', 1),
(139, 9, '2024-01-09', 1),
(140, 1, '2023-12-15', 1),
(141, 1, '2024-05-15', 0),
(141, 9, '2024-05-04', 1),
(141, 5, '2023-10-27', 1),
(141, 3, '2023-08-15', 1),
(142, 8, '2023-11-18', 1),
(142, 5, '2023-09-27', 1),
(143, 1, '2024-03-01', 2),
(143, 8, '2023-09-06', 1),
(143, 9, '2024-02-22', 1),
(144, 3, '2023-09-18', 1),
(145, 8, '2024-02-01', 1),
(146, 8, '2024-04-08', 2),
(146, 3, '2024-04-16', 1),
(146, 2, '2023-10-23', 0),
(147, 1, '2023-11-25', 2),
(147, 3, '2024-01-23', 2),
(147, 2, '2024-05-04', 1),
(147, 9, '2024-05-19', 1),
(148, 9, '2023-11-20', 1),
(149, 9, '2024-01-31', 1),
(150, 5, '2024-02-28', 1),
(150, 9, '2023-11-18', 1),
(150, 8, '2024-04-25', 1),
(151, 1, '2024-03-22', 1),
(151, 5, '2023-11-15', 1),
(151, 9, '2024-01-26', 1),
(152, 9, '2024-03-30', 1),
(152, 3, '2024-03-20', 1),
(152, 8, '2024-03-29', 1),
(153, 9, '2024-02-11', 1),
(154, 3, '2024-03-09', 1),
(154, 1, '2023-11-04', 2),
(154, 8, '2023-10-27', 2),
(154, 9, '2024-03-26', 0),
(155, 2, '2024-02-18', 1),
(156, 8, '2023-11-01', 1),
(157, 3, '2024-06-03', 1),
(157, 5, '2024-02-18', 1),
(157, 1, '2024-01-04', 1),
(158, 1, '2023-11-18', 1),
(159, 8, '2024-03-30', 1),
(159, 1, '2024-01-08', 1),
(159, 3, '2024-04-22', 1),
(159, 2, '2023-10-23', 2),
(160, 2, '2024-01-25', 1),
(160, 5, '2023-09-17', 1),
(160, 1, '2024-01-10', 2),
(160, 3, '2023-11-03', 1),
(161, 3, '2023-12-07', 1),
(161, 8, '2023-11-25', 1),
(162, 5, '2024-02-15', 1),
(162, 1, '2024-02-19', 1),
(163, 8, '2023-09-17', 1),
(163, 1, '2024-04-16', 1),
(164, 8, '2023-09-21', 1),
(164, 1, '2024-05-05', 1),
(164, 2, '2024-05-23', 1),
(164, 5, '2023-11-16', 1),
(165, 5, '2023-09-12', 2),
(165, 8, '2024-05-06', 1),
(166, 2, '2023-12-08', 1),
(166, 3, '2024-05-06', 2),
(167, 3, '2023-11-23', 1),
(168, 2, '2024-04-28', 1),
(168, 3, '2024-06-13', 2),
(168, 1, '2023-11-01', 1),
(169, 8, '2023-09-25', 0),
(169, 1, '2024-06-05', 1),
(169, 9, '2023-11-30', 1),
(170, 8, '2024-05-20', 1),
(170, 1, '2024-01-16', 1),
(170, 5, '2024-03-09', 1),
(170, 3, '2023-09-21', 1),
(171, 5, '2024-04-18', 1),
(171, 9, '2024-02-05', 1),
(172, 9, '2024-03-06', 1),
(172, 3, '2024-02-20', 1),
(172, 8, '2023-10-08', 1),
(173, 1, '2023-10-26', 0),
(173, 3, '2024-01-10', 2),
(173, 5, '2024-03-16', 1),
(173, 9, '2023-11-04', 2),
(174, 2, '2024-05-04', 1),
(174, 9, '2024-01-19', 1),
(174, 5, '2023-09-30', 2),
(175, 2, '2023-09-09', 1),
(175, 9, '2024-06-15', 2),
(175, 3, '2024-04-11', 1),
(175, 1, '2023-08-19', 2),
(176, 2, '2024-02-18', 0),
(176, 3, '2023-09-10', 1),
(176, 8, '2023-11-22', 1),
(176, 9, '2024-01-09', 0),
(177, 8, '2023-10-03', 1),
(177, 3, '2024-02-04', 1),
(177, 1, '2024-02-18', 1),
(177, 5, '2023-11-24', 1),
(178, 8, '2023-10-24', 1),
(178, 1, '2024-04-13', 1),
(178, 9, '2023-10-30', 1),
(178, 5, '2024-05-04', 1),
(179, 2, '2024-06-13', 1),
(179, 5, '2024-05-01', 1),
(179, 3, '2024-05-29', 1),
(180, 3, '2024-01-31', 1),
(181, 8, '2024-04-13', 1),
(181, 3, '2024-06-06', 1),
(181, 1, '2023-09-10', 1),
(181, 9, '2023-11-10', 1),
(182, 2, '2023-10-10', 1),
(182, 9, '2024-03-27', 1),
(182, 1, '2023-10-31', 1),
(182, 3, '2023-11-27', 1),
(183, 9, '2023-11-29', 1),
(183, 1, '2024-04-15', 1),
(183, 2, '2024-01-22', 2),
(183, 3, '2024-04-06', 2),
(184, 8, '2024-04-18', 1),
(184, 3, '2023-12-19', 1),
(184, 9, '2024-01-14', 1),
(185, 3, '2024-01-24', 1),
(185, 2, '2024-05-27', 2),
(185, 5, '2024-01-02', 1),
(186, 5, '2023-09-05', 1),
(186, 3, '2023-09-24', 1),
(186, 2, '2024-03-28', 1),
(186, 9, '2024-04-16', 1),
(187, 8, '2023-10-09', 1),
(187, 3, '2024-06-10', 1),
(187, 2, '2023-09-09', 1),
(188, 9, '2023-09-10', 1),
(188, 2, '2024-01-31', 1),
(189, 9, '2023-10-24', 0),
(190, 5, '2024-04-15', 1),
(190, 9, '2024-01-09', 1),
(191, 1, '2024-06-03', 1),
(192, 2, '2024-03-15', 2),
(193, 1, '2024-04-24', 1),
(193, 5, '2024-01-10', 2),
(194, 3, '2024-05-31', 1),
(195, 3, '2023-10-22', 2),
(195, 5, '2024-04-10', 1),
(195, 8, '2023-10-11', 1),
(196, 9, '2024-02-03', 1),
(196, 3, '2024-05-31', 1),
(196, 2, '2023-11-21', 1),
(196, 1, '2024-03-09', 2),
(197, 1, '2023-11-17', 2),
(197, 5, '2024-04-15', 1),
(197, 9, '2023-12-20', 0),
(198, 2, '2024-01-16', 1),
(198, 5, '2024-06-03', 0),
(198, 3, '2024-02-15', 1),
(198, 9, '2023-09-15', 1),
(199, 3, '2024-04-28', 2),
(199, 2, '2024-01-21', 1),
(199, 5, '2024-01-13', 1),
(199, 9, '2023-12-06', 1),
(200, 5, '2024-04-03', 1),
(200, 2, '2024-02-22', 1),
(201, 8, '2024-06-15', 2),
(201, 2, '2023-09-25', 1),
(201, 9, '2024-05-11', 1),
(201, 3, '2023-09-23', 2),
(202, 1, '2024-05-21', 2),
(203, 8, '2023-10-30', 1),
(203, 9, '2024-05-07', 1),
(204, 9, '2024-04-21', 0),
(204, 8, '2024-05-02', 1);
